"Player","DK Pos","Team","Opp","DK Salary","DK Proj","DK Value","Small Field","Large Field","DK Floor","DK Ceiling","id"
"Jaxon Smith-Njigba","WR","SEA","LAC","$9,100","21.9","0.9","9.5%","10.4%","8.9","36.8","44312562"
"Derrick Henry","RB","BAL","TEN","$8,400","21.0","1.4","14.3%","12.3%","7.9","35.3","44312276"
"Kenneth Walker III","RB","KC","@LV","$8,200","21.5","2.2","17.0%","15.5%","9.1","36.1","44312278"
"Ja'Marr Chase","WR","CIN","JAX","$8,100","20.7","1.7","14.1%","17.1%","8.3","35.6","44312564"
"CeeDee Lamb","WR","DAL","@HOU","$7,800","18.3","-0.1","8.0%","7.9%","6.8","32.6","44312566"
"Josh Allen","QB","BUF","NE","$7,700","24.6","0.8","6.5%","8.4%","12.8","36.7","44312197"
"Christian McCaffrey","RB","SF","DEN","$7,700","23.0","4.8","35.2%","29.7%","10.8","38.0","44312280"
"Puka Nacua","WR","LA","@PHI","$7,500","19.2","1.3","13.3%","13.7%","7.8","33.1","44312568"
"James Cook III","RB","BUF","NE","$7,400","18.3","0.6","10.0%","11.9%","6.9","32.3","44312282"
"Lamar Jackson","QB","BAL","TEN","$7,300","21.1","-1.4","1.6%","2.8%","10.4","31.1","44312198"
"Nico Collins","WR","HOU","DAL","$7,200","17.8","0.5","10.8%","9.4%","6.5","32.0","44312572"
"Ashton Jeanty","RB","LV","KC","$7,100","17.1","0.0","7.5%","8.5%","7.2","29.2","44312284"
"Davante Adams","WR","LA","@PHI","$7,000","15.4","-1.5","3.1%","4.9%","4.8","28.6","44312576"
"Zay Flowers","WR","BAL","TEN","$6,900","17.0","0.4","12.3%","12.5%","6.0","30.6","44312578"
"Brock Bowers","TE","LV","KC","$6,900","18.2","1.6","16.1%","15.6%","7.7","31.3","44313018"
"Joe Burrow","QB","CIN","JAX","$6,800","21.9","0.8","7.2%","7.1%","10.6","32.7","44312199"
"Garrett Wilson","WR","NYJ","@CHI","$6,800","18.1","1.6","21.2%","20.0%","7.4","31.6","44312580"
"Saquon Barkley","RB","PHI","LA","$6,800","16.3","-0.1","1.8%","6.8%","6.3","28.6","44312286"
"Christian Watson","WR","GB","@TB","$6,700","15.3","-1.0","5.9%","7.7%","4.9","28.4","44312582"
"Brock Purdy","QB","SF","DEN","$6,700","20.6","-0.1","3.2%","3.0%","10.2","31.4","44312200"
"Javonte Williams","RB","DAL","@HOU","$6,600","15.7","-0.3","4.1%","5.9%","6.1","27.9","44312288"
"Jalen Hurts","QB","PHI","LA","$6,600","17.1","-3.3","0.7%","1.5%","7.5","26.2","44312201"
"Mike Evans","WR","SF","DEN","$6,600","12.1","-3.9","0.2%","0.5%","3.1","24.1","44312584"
"Trey McBride","TE","ARI","@NYG","$6,500","17.4","1.5","14.9%","12.4%","7.2","29.8","44313020"
"Parker Washington","WR","JAX","@CIN","$6,500","17.8","1.9","29.8%","23.4%","6.4","31.7","44312586"
"Patrick Mahomes","QB","KC","@LV","$6,500","21.2","1.1","6.1%","6.1%","10.7","31.7","44312202"
"D'Andre Swift","RB","CHI","NYJ","$6,400","15.1","-0.6","6.5%","8.4%","5.6","27.4","44312292"
"Dak Prescott","QB","DAL","@HOU","$6,400","20.4","0.6","3.1%","4.0%","10.1","30.9","44312203"
"Rashee Rice","WR","KC","@LV","$6,400","15.8","0.1","7.2%","8.4%","5.5","28.8","44312588"
"George Pickens","WR","DAL","@HOU","$6,300","15.8","0.3","9.5%","11.9%","5.3","29.2","44312590"
"Omarion Hampton","RB","LAC","@SEA","$6,300","9.8","-5.7","0.2%","0.3%","3.1","18.5","44312296"
"Jaylen Waddle","WR","DEN","@SF","$6,200","14.3","-1.0","8.0%","7.6%","4.8","26.6","44312592"
"Matthew Stafford","QB","LA","@PHI","$6,200","18.0","-1.2","0.7%","1.6%","8.3","27.7","44312205"
"Chase Brown","RB","CIN","JAX","$6,100","17.9","2.8","33.7%","26.8%","7.2","30.8","44312302"
"Tee Higgins","WR","CIN","JAX","$6,100","16.0","0.9","15.3%","14.3%","4.9","29.8","44312594"
"Cam Skattebo","RB","NYG","ARI","$6,100","17.0","1.9","14.4%","14.7%","7.4","29.3","44312300"
"Aaron Jones Sr.","RB","MIN","MIA","$6,000","18.1","3.2","25.1%","25.8%","7.7","31.8","44312304"
"Drake Maye","QB","NE","@BUF","$6,000","18.6","0.0","0.9%","2.6%","8.9","28.6","44312206"
"Malik Nabers","WR","NYG","ARI","$6,000","13.9","-1.0","3.9%","5.2%","4.6","26.2","44312596"
"Bucky Irving","RB","TB","GB","$6,000","13.3","-1.6","2.9%","3.4%","5.5","23.8","44312306"
"Trevor Lawrence","QB","JAX","@CIN","$5,900","21.5","3.2","19.2%","13.2%","10.5","32.3","44312207"
"Kyren Williams","RB","LA","@PHI","$5,900","15.0","0.3","10.5%","9.1%","5.6","26.9","44312308"
"Emeka Egbuka","WR","TB","GB","$5,900","9.7","-4.9","0.2%","0.3%","2.5","19.2","44312598"
"Jeremiyah Love","RB","ARI","@NYG","$5,800","16.8","2.3","28.7%","22.2%","6.8","29.2","44312310"
"Jordan Love","QB","GB","@TB","$5,800","17.3","-0.7","2.1%","3.1%","8.0","26.7","44312208"
"Ladd McConkey","WR","LAC","@SEA","$5,800","10.7","-3.8","0.2%","1.0%","3.0","20.5","44312600"
"DJ Moore","WR","BUF","NE","$5,700","13.4","-0.9","9.7%","8.4%","4.0","25.7","44312602"
"C.J. Stroud","QB","HOU","DAL","$5,700","19.3","1.6","4.1%","5.3%","9.4","29.6","44312209"
"David Montgomery","RB","HOU","DAL","$5,700","12.6","-1.7","1.1%","3.8%","4.1","23.6","44312312"
"Bo Nix","QB","DEN","@SF","$5,600","19.1","1.8","5.7%","5.9%","9.2","29.3","44312210"
"Bhayshul Tuten","RB","JAX","@CIN","$5,600","13.3","-0.8","6.8%","6.2%","4.7","24.4","44312314"
"Deebo Samuel Sr.","WR","SF","DEN","$5,600","10.6","-3.5","0.7%","1.4%","3.0","20.8","44312604"
"Michael Wilson","WR","ARI","@NYG","$5,500","14.2","0.3","14.2%","13.4%","4.8","26.4","44312606"
"Ollie Gordon II","RB","MIA","@MIN","$5,500","6.8","-7.1","0.1%","0.1%","1.9","13.7","44312316"
"Sam Darnold","QB","SEA","LAC","$5,500","17.8","0.7","4.2%","2.7%","8.4","27.6","44312211"
"Matthew Golden","WR","GB","@TB","$5,400","13.9","0.2","12.4%","13.1%","4.6","26.1","44312608"
"Justin Herbert","QB","LAC","@SEA","$5,400","15.7","-1.1","0.4%","0.7%","7.0","24.3","44312212"
"Tony Pollard","RB","TEN","@BAL","$5,400","10.5","-3.2","0.3%","0.8%","3.5","19.6","44312318"
"Dalton Kincaid","TE","BUF","NE","$5,300","12.6","-0.9","4.9%","7.1%","3.7","24.1","44313022"
"J.K. Dobbins","RB","DEN","@SF","$5,300","10.3","-3.2","1.3%","1.8%","3.2","20.3","44312320"
"Kyler Murray","QB","MIN","MIA","$5,300","17.5","1.0","8.7%","8.6%","8.9","27.4","44312213"
"Jordan Addison","WR","MIN","MIA","$5,300","14.9","1.4","27.8%","24.6%","4.8","28.3","44312610"
"Tank Bigsby","RB","PHI","LA","$5,300","1.9","-11.6","0.0%","0.0%","0.0","5.9","44312322"
"Luther Burden III","WR","CHI","NYJ","$5,200","12.3","-1.0","7.0%","7.6%","4.1","23.2","44312612"
"TreVeyon Henderson","RB","NE","@BUF","$5,200","9.8","-3.5","0.3%","0.5%","3.1","18.8","44312324"
"Geno Smith","QB","NYJ","@CHI","$5,200","15.3","-0.9","4.4%","3.4%","7.1","24.3","44312215"
"Braelon Allen","RB","NYJ","@CHI","$5,200","13.3","0.0","11.1%","9.0%","5.0","24.4","44312326"
"Kirk Cousins","QB","LV","KC","$5,100","15.5","-0.4","2.8%","2.7%","7.0","24.5","44312216"
"Tre Tucker","WR","LV","KC","$5,100","9.3","-3.8","1.1%","0.7%","2.2","18.8","44312614"
"Rhamondre Stevenson","RB","NE","@BUF","$5,100","11.6","-1.5","0.8%","1.9%","4.2","21.3","44312328"
"George Kittle","TE","SF","DEN","$5,100","14.7","1.6","21.7%","17.8%","4.9","27.2","44313024"
"Jacoby Brissett","QB","ARI","@NYG","$5,000","18.1","2.6","8.0%","7.0%","8.5","27.8","44312217"
"Rome Odunze","WR","CHI","NYJ","$5,000","8.8","-4.2","0.5%","0.5%","1.5","18.8","44312616"
"RJ Harvey","RB","DEN","@SF","$5,000","10.4","-2.5","0.4%","1.3%","3.3","19.9","44312332"
"Jakobi Meyers","WR","JAX","@CIN","$5,000","11.6","-1.3","4.6%","4.8%","3.3","22.6","44312618"
"Travis Kelce","TE","KC","@LV","$5,000","12.2","-0.7","4.9%","7.6%","3.5","23.2","44313026"
"Jaylen Wright","RB","MIA","@MIN","$5,000","7.6","-5.3","0.2%","0.3%","2.4","14.8","44312334"
"Kyle Monangai","RB","CHI","NYJ","$4,900","8.2","-4.5","0.2%","0.3%","2.4","16.4","44312336"
"Courtland Sutton","WR","DEN","@SF","$4,900","10.5","-2.2","3.0%","2.5%","2.5","21.0","44312622"
"Blake Corum","RB","LA","@PHI","$4,900","7.9","-4.8","0.2%","0.3%","2.2","16.2","44312340"
"Malik Willis","QB","MIA","@MIN","$4,900","13.8","-1.5","0.5%","0.6%","6.1","22.0","44312218"
"Chris Godwin Jr.","WR","TB","GB","$4,900","6.6","-6.1","0.1%","0.1%","1.3","13.8","44312620"
"Tyjae Spears","RB","TEN","@BAL","$4,900","6.8","-5.9","0.1%","0.1%","1.9","13.5","44312338"
"Tyler Allgeier","RB","ARI","@NYG","$4,800","6.7","-5.8","0.1%","0.1%","1.5","13.9","44312348"
"Tyson Bagent","QB","CHI","NYJ","$4,800","17.1","2.2","6.4%","5.3%","7.1","26.4","44312219"
"MarShawn Lloyd","RB","GB","@TB","$4,800","6.9","-5.6","0.1%","0.1%","1.5","14.6","44312344"
"Dalton Schultz","TE","HOU","DAL","$4,800","10.5","-2.0","2.2%","3.6%","3.1","20.0","44313028"
"Quentin Johnston","WR","LAC","@SEA","$4,800","9.3","-3.2","0.5%","1.0%","2.3","18.7","44312624"
"Will Shipley","RB","PHI","LA","$4,800","2.7","-9.8","0.0%","0.0%","0.0","7.2","44312346"
"Carnell Tate","WR","TEN","@BAL","$4,800","11.3","-1.2","2.3%","4.5%","3.5","21.3","44312626"
"Khalil Shakir","WR","BUF","NE","$4,700","9.6","-2.7","0.6%","2.2%","2.6","19.0","44312630"
"Colston Loveland","TE","CHI","NYJ","$4,700","8.9","-3.4","0.4%","0.5%","2.1","18.0","44313030"
"Woody Marks","RB","HOU","DAL","$4,700","8.5","-3.8","0.2%","0.6%","2.4","16.9","44312342"
"Romeo Doubs","WR","NE","@BUF","$4,700","9.5","-2.8","1.5%","1.5%","2.1","19.5","44312628"
"Emanuel Wilson","RB","SEA","LAC","$4,700","11.7","-0.7","9.4%","8.1%","3.7","22.2","44312352"
"Kenny Gainwell","RB","TB","GB","$4,700","6.7","-5.6","0.1%","0.1%","1.6","13.8","44312350"
"Cam Ward","QB","TEN","@BAL","$4,700","13.0","-1.6","0.1%","0.4%","5.5","20.6","44312220"
"Kaleb Johnson","RB","GB","@TB","$4,600","7.3","-4.8","0.2%","0.3%","1.7","15.2","44312358"
"Chris Rodriguez Jr.","RB","JAX","@CIN","$4,600","4.1","-8.0","0.0%","0.0%","0.4","10.4","44312354"
"Xavier Worthy","WR","KC","@LV","$4,600","9.3","-2.8","2.7%","2.2%","1.9","19.5","44312632"
"Kaelon Black","RB","SF","DEN","$4,600","4.0","-8.1","0.0%","0.0%","0.6","9.6","44312356"
"Wan'Dale Robinson","WR","TEN","@BAL","$4,600","10.2","-1.9","0.3%","1.6%","3.2","19.2","44312634"
"Marvin Harrison Jr.","WR","ARI","@NYG","$4,500","7.7","-4.3","0.4%","0.5%","1.1","16.7","44312638"
"Tyler Badie","RB","DEN","@SF","$4,500","2.0","-9.9","0.0%","0.0%","0.0","6.0","44312382"
"Jameis Winston","QB","NYG","ARI","$4,500","14.4","0.3","1.5%","1.4%","6.4","23.5","44312222"
"Najee Harris","RB","NYG","ARI","$4,500","5.3","-6.6","0.1%","0.1%","1.1","11.7","44312360"
"Isaiah Likely","TE","NYG","ARI","$4,500","11.1","-0.8","2.6%","3.6%","3.6","21.1","44313034"
"George Holani","RB","SEA","LAC","$4,500","9.6","-2.3","0.4%","0.8%","3.0","18.5","44312362"
"Ty Johnson","RB","BUF","NE","$4,400","5.4","-6.3","0.1%","0.1%","0.5","13.1","44312378"
"Tucker Kraft","TE","GB","@TB","$4,400","10.9","-0.8","1.8%","4.4%","3.3","20.7","44313036"
"Kayshon Boutte","WR","HOU","DAL","$4,400","6.3","-5.4","0.2%","0.2%","0.6","14.3","44312640"
"Emmett Johnson","RB","KC","@LV","$4,400","4.9","-6.8","0.0%","0.0%","0.6","11.4","44312364"
"Malik Washington","WR","MIA","@MIN","$4,400","11.2","-0.5","5.5%","6.5%","4.0","20.7","44312642"
"Jalon Daniels","QB","TB","GB","$4,400","16.1","2.3","1.5%","2.4%","6.6","24.9","44312223"
"Jake Ferguson","TE","DAL","@HOU","$4,300","8.2","-3.3","0.2%","0.3%","2.0","16.5","44313038"
"Chris Brooks","RB","GB","@TB","$4,300","3.5","-8.1","0.0%","0.0%","0.1","9.1","44312368"
"Xavier Hutchinson","WR","HOU","DAL","$4,300","7.7","-3.8","0.8%","0.8%","1.4","16.4","44312648"
"Brian Thomas Jr.","WR","JAX","@CIN","$4,300","7.9","-3.7","0.8%","0.6%","1.1","16.9","44312646"
"Keaton Mitchell","RB","LAC","@SEA","$4,300","6.3","-5.2","0.1%","0.1%","1.5","13.0","44312370"
"Dontayvion Wicks","WR","PHI","LA","$4,300","11.9","0.4","13.9%","14.3%","3.5","22.8","44312644"
"Justice Hill","RB","BAL","TEN","$4,200","6.0","-5.3","0.1%","0.1%","1.0","13.4","44312374"
"Rashod Bateman","WR","BAL","TEN","$4,200","8.4","-2.9","0.8%","1.2%","1.3","18.0","44312650"
"Mark Andrews","TE","BAL","TEN","$4,200","11.4","0.0","5.3%","6.1%","3.3","21.3","44313040"
"Pat Bryant","WR","DEN","@SF","$4,200","6.3","-5.0","0.2%","0.4%","0.9","14.0","44312654"
"DeeJay Dallas","RB","MIN","MIA","$4,200","2.6","-8.7","0.0%","0.0%","0.0","7.8","44312376"
"Isaiah Davis","RB","NYJ","@CHI","$4,200","6.6","-4.8","0.1%","0.1%","1.6","13.6","44312372"
"Samaje Perine","RB","CIN","JAX","$4,100","5.9","-5.3","0.1%","0.1%","0.9","13.2","44312380"
"Mike Washington Jr.","RB","LV","KC","$4,100","3.8","-7.4","0.0%","0.0%","0.4","9.1","44312366"
"Tre' Harris","WR","LAC","@SEA","$4,100","8.5","-2.7","0.5%","1.0%","2.1","16.6","44312656"
"Tyrone Tracy Jr.","RB","NYG","ARI","$4,100","1.0","-10.1","0.0%","0.0%","0.0","3.6","44312384"
"Makai Lemon","WR","PHI","LA","$4,100","9.8","-1.4","3.2%","3.2%","2.7","18.7","44312658"
"Cooper Kupp","WR","SEA","LAC","$4,100","7.2","-3.9","0.2%","0.3%","1.1","15.7","44312660"
"Bam Knight","RB","ARI","@NYG","$4,000","0.5","-10.4","0.0%","0.0%","0.0","2.0","44312488"
"Rasheen Ali","RB","BAL","TEN","$4,000","0.4","-10.6","0.0%","0.0%","0.0","1.4","44312514"
"Ray Davis","RB","BUF","NE","$4,000","1.3","-9.6","0.0%","0.0%","0.0","4.5","44312392"
"Keon Coleman","WR","BUF","NE","$4,000","4.3","-6.6","0.0%","0.1%","0.0","11.2","44312666"
"Roschon Johnson","RB","CHI","NYJ","$4,000","0.3","-10.7","0.0%","0.0%","0.0","1.1","44312454"
"Tahj Brooks","RB","CIN","JAX","$4,000","0.2","-10.8","0.0%","0.0%","0.0","0.7","44312542"
"Tyler Goodson","RB","DAL","@HOU","$4,000","3.1","-7.8","0.0%","0.0%","0.1","8.3","44312432"
"Hunter Luepke","RB","DAL","@HOU","$4,000","1.6","-9.4","0.0%","0.0%","0.0","4.9","44312438"
"Adam Prentice","RB","DEN","@SF","$4,000","0.6","-10.3","0.0%","0.0%","0.0","2.5","44312470"
"Dare Ogunbowale","RB","HOU","DAL","$4,000","0.2","-10.8","0.0%","0.0%","0.0","0.6","44312420"
"LeQuint Allen Jr.","RB","JAX","@CIN","$4,000","1.8","-9.1","0.0%","0.0%","0.0","5.5","44312536"
"Ameer Abdullah","RB","JAX","@CIN","$4,000","1.3","-9.7","0.0%","0.0%","0.0","4.3","44312538"
"Ben VanSumeren","RB","KC","@LV","$4,000","0.3","-10.6","0.0%","0.0%","0.0","1.2","44312430"
"Brashard Smith","RB","KC","@LV","$4,000","1.4","-9.6","0.0%","0.0%","0.0","4.7","44312424"
"Dylan Laube","RB","LV","KC","$4,000","0.6","-10.3","0.0%","0.0%","0.0","2.4","44312414"
"Connor Heyward","RB","LV","KC","$4,000","0.6","-10.3","0.0%","0.0%","0.0","2.4","44312422"
"Kimani Vidal","RB","LAC","@SEA","$4,000","2.1","-8.8","0.0%","0.0%","0.0","6.4","44312404"
"Alec Ingold","RB","LAC","@SEA","$4,000","1.5","-9.5","0.0%","0.0%","0.0","4.4","44312406"
"Dean Connors","RB","LA","@PHI","$4,000","0.1","-10.8","0.0%","0.0%","0.0","0.5","44312508"
"Carlos Washington Jr.","RB","MIA","@MIN","$4,000","0.3","-10.7","0.0%","0.0%","0.0","1.1","44312486"
"DJ Herman","RB","MIA","@MIN","$4,000","1.0","-9.9","0.0%","0.0%","0.0","3.6","44312484"
"Demond Claiborne","RB","MIN","MIA","$4,000","2.1","-8.8","0.0%","0.0%","0.0","6.3","44312560"
"Max Bredeson","RB","MIN","MIA","$4,000","0.4","-10.5","0.0%","0.0%","0.0","1.8","44312478"
"Corey Kiner","RB","NE","@BUF","$4,000","0.5","-10.5","0.0%","0.0%","0.0","1.8","44312548"
"Mack Hollins","WR","NE","@BUF","$4,000","9.9","-1.1","7.5%","7.2%","2.5","19.8","44312664"
"Reggie Gilliam","RB","NE","@BUF","$4,000","0.5","-10.5","0.0%","0.0%","0.0","1.8","44312554"
"Patrick Ricard","RB","NYG","ARI","$4,000","0.5","-10.4","0.0%","0.0%","0.0","2.0","44312498"
"Malachi Fields","WR","NYG","ARI","$4,000","6.5","-4.4","0.1%","0.1%","0.8","14.6","44312662"
"Kene Nwangwu","RB","NYJ","@CHI","$4,000","0.1","-10.8","0.0%","0.0%","0.0","0.5","44312446"
"Kenyon Sadiq","TE","NYJ","@CHI","$4,000","10.4","-0.5","8.2%","6.2%","3.2","19.9","44313042"
"Andrew Beck","RB","NYJ","@CHI","$4,000","0.3","-10.7","0.0%","0.0%","0.0","1.0","44312448"
"Kyle Juszczyk","RB","SF","DEN","$4,000","3.6","-7.4","0.0%","0.0%","0.0","9.3","44312466"
"Brady Russell","RB","SEA","LAC","$4,000","0.5","-10.5","0.0%","0.0%","0.0","1.9","44312400"
"Velus Jones Jr.","RB","SEA","LAC","$4,000","0.8","-10.2","0.0%","0.0%","0.0","3.0","44312394"
"Sean Tucker","RB","TB","GB","$4,000","1.1","-9.9","0.0%","0.0%","0.0","3.9","44312528"
"Nick Singleton","RB","TEN","@BAL","$4,000","0.6","-10.4","0.0%","0.0%","0.0","2.2","44312520"
"Vikings ","DST","MIN","MIA","$4,000","9.8","0.8","7.5%","7.3%","3.1","17.7","44313308"
"Rashid Shaheed","WR","SEA","LAC","$3,900","7.5","-3.2","0.6%","0.3%","1.1","16.3","44312672"
"Ryan Flournoy","WR","DAL","@HOU","$3,800","9.5","-1.1","5.4%","4.4%","2.3","19.1","44312678"
"Jauan Jennings","WR","MIN","MIA","$3,800","7.7","-2.8","1.5%","1.6%","1.5","16.4","44312676"
"Darnell Mooney","WR","NYG","ARI","$3,800","4.9","-5.6","0.0%","0.0%","0.2","11.9","44312674"
"Ravens ","DST","BAL","TEN","$3,800","9.1","0.6","3.2%","3.7%","2.7","16.9","44313309"
"Marvin Mims Jr.","WR","DEN","@SF","$3,700","2.6","-7.8","0.0%","0.0%","0.0","7.4","44312684"
"Chris Bell","WR","MIA","@MIN","$3,700","7.8","-2.6","0.5%","0.9%","1.5","16.2","44312682"
"Calvin Ridley","WR","TEN","@BAL","$3,700","1.9","-8.4","0.0%","0.0%","0.0","6.0","44312680"
"Kalif Raymond","WR","CHI","NYJ","$3,600","8.1","-2.1","11.3%","6.3%","1.9","16.5","44312686"
"Jalen Nailor","WR","LV","KC","$3,600","6.5","-3.6","0.1%","0.7%","0.8","14.6","44312690"
"Oronde Gadsden II","TE","LAC","@SEA","$3,600","7.7","-2.5","0.2%","0.6%","1.6","15.7","44313044"
"Brandin Cooks","WR","SF","DEN","$3,600","1.4","-8.8","0.0%","0.0%","0.0","4.9","44312688"
"Kendrick Bourne","WR","ARI","@NYG","$3,500","5.9","-4.0","0.1%","0.2%","0.8","13.0","44312696"
"DeMario Douglas","WR","NE","@BUF","$3,500","8.2","-1.8","0.9%","2.8%","1.8","16.8","44312692"
"Hunter Henry","TE","NE","@BUF","$3,500","8.7","-1.2","2.0%","4.6%","2.1","17.5","44313046"
"Isaiah Williams","WR","NYJ","@CHI","$3,500","6.5","-3.4","0.1%","0.5%","1.3","13.8","44312694"
"Seahawks ","DST","SEA","LAC","$3,500","8.7","0.7","7.1%","7.4%","2.2","16.5","44313310"
"Devontez Walker","WR","BAL","TEN","$3,400","3.6","-6.2","0.0%","0.0%","0.0","10.2","44312700"
"Troy Franklin","WR","DEN","@SF","$3,400","2.8","-7.0","0.0%","0.0%","0.0","8.1","44312704"
"Jaylin Noel","WR","HOU","DAL","$3,400","4.5","-5.3","0.2%","0.1%","0.2","11.0","44312698"
"Tyquan Thornton","WR","KC","@LV","$3,400","5.4","-4.4","0.4%","0.4%","0.0","13.5","44312702"
"Michael Mayer","TE","LV","KC","$3,400","6.7","-3.0","0.2%","0.8%","1.5","13.8","44313050"
"Konata Mumpfield","WR","LA","@PHI","$3,400","2.2","-7.5","0.0%","0.1%","0.0","7.1","44312706"
"Cade Otton","TE","TB","GB","$3,400","7.3","-2.5","0.2%","1.0%","1.8","14.6","44313048"
"Chiefs ","DST","KC","@LV","$3,400","6.6","-1.1","0.7%","0.4%","0.9","13.9","44313311"
"Joshua Palmer","WR","BUF","NE","$3,300","2.5","-7.1","0.0%","0.1%","0.0","7.8","44312712"
"Jahdae Walker","WR","CHI","NYJ","$3,300","0.6","-8.9","0.0%","0.0%","0.0","2.5","44312714"
"Mike Gesicki","TE","CIN","JAX","$3,300","7.6","-2.0","2.8%","2.5%","1.3","16.0","44313052"
"T.J. Hockenson","TE","MIN","MIA","$3,300","11.0","1.4","19.0%","19.3%","3.5","20.9","44313054"
"Jordan Watkins","WR","SF","DEN","$3,300","1.3","-8.2","0.0%","0.0%","0.0","4.7","44312716"
"Bills ","DST","BUF","NE","$3,300","7.5","0.0","3.4%","3.1%","1.3","15.2","44313312"
"Skyy Moore","WR","GB","@TB","$3,200","5.3","-4.1","0.1%","0.2%","0.6","12.1","44312724"
"Brenton Strange","TE","JAX","@CIN","$3,200","9.1","-0.2","11.7%","11.3%","2.3","18.2","44313056"
"Cyrus Allen","WR","KC","@LV","$3,200","0.7","-8.6","0.0%","0.0%","0.0","2.9","44312726"
"Jordan Whittington","WR","LA","@PHI","$3,200","1.7","-7.6","0.0%","0.0%","0.0","5.5","44312718"
"Greg Dulcich","TE","MIA","@MIN","$3,200","6.8","-2.5","0.2%","0.7%","1.5","13.8","44313058"
"Kyle Williams","WR","NE","@BUF","$3,200","3.3","-6.1","0.0%","0.0%","0.0","9.1","44312722"
"Packers ","DST","GB","@TB","$3,200","7.9","0.6","6.5%","7.5%","1.9","15.5","44313313"
"Cody White","WR","LV","KC","$3,100","3.5","-5.7","0.0%","0.1%","0.0","9.3","44312730"
"Tyler Higbee","TE","LA","@PHI","$3,100","8.4","-0.8","5.5%","4.3%","1.9","16.8","44313062"
"Darius Cooper","WR","PHI","LA","$3,100","4.3","-4.9","0.0%","0.1%","0.1","10.3","44312728"
"Zach Ertz","TE","PHI","LA","$3,100","6.2","-3.0","0.3%","0.2%","1.1","13.1","44313060"
"Jacob Cowing","WR","SF","DEN","$3,100","2.5","-6.7","0.1%","0.0%","0.0","7.7","44312734"
"Ted Hurst III","WR","TB","GB","$3,100","6.0","-3.2","2.4%","1.5%","0.6","13.6","44312736"
"Giants ","DST","NYG","ARI","$3,100","6.1","-1.1","0.2%","0.5%","0.3","13.2","44313314"
"Simi Fehoko","WR","ARI","@NYG","$3,000","0.3","-8.6","0.0%","0.0%","0.0","1.3","44312894"
"Jalen Brooks","WR","ARI","@NYG","$3,000","0.3","-8.6","0.0%","0.0%","0.0","1.3","44312892"
"Elijah Sarratt","WR","BAL","TEN","$3,000","0.3","-8.7","0.0%","0.0%","0.0","1.2","44312744"
"LaJohntay Wester","WR","BAL","TEN","$3,000","1.6","-7.3","0.0%","0.0%","0.0","5.3","44312932"
"Greg Dortch","WR","BUF","NE","$3,000","0.3","-8.7","0.0%","0.0%","0.0","1.2","44313008"
"Zavion Thomas","WR","CHI","NYJ","$3,000","1.3","-7.7","0.0%","0.0%","0.0","4.5","44312844"
"Mitch Tinsley","WR","CIN","JAX","$3,000","1.5","-7.5","0.0%","0.0%","0.0","5.3","44312828"
"Dohnte Meyers","WR","CIN","JAX","$3,000","5.4","-3.6","0.7%","1.1%","0.4","12.7","44312984"
"KaVontae Turpin","WR","DAL","@HOU","$3,000","2.1","-6.9","0.0%","0.0%","-0.1","6.3","44312806"
"Jonathan Mingo","WR","DAL","@HOU","$3,000","0.7","-8.3","0.0%","0.0%","0.0","2.7","44312808"
"Bo Melton","WR","GB","@TB","$3,000","1.8","-7.2","0.0%","0.0%","0.0","5.8","44312746"
"J. Michael Sturdivant","WR","GB","@TB","$3,000","1.2","-7.8","0.0%","0.0%","0.0","4.3","44312962"
"Jared Wayne","WR","HOU","DAL","$3,000","1.8","-7.2","0.0%","0.0%","0.0","5.9","44312742"
"Travis Hunter","WR","JAX","@CIN","$3,000","2.0","-7.0","0.0%","0.0%","0.0","6.1","44312748"
"Josh Cameron","WR","JAX","@CIN","$3,000","3.1","-5.8","0.0%","0.1%","0.0","8.9","44312970"
"Jalen Royals","WR","KC","@LV","$3,000","1.9","-7.1","0.0%","0.0%","0.0","6.2","44312794"
"Nikko Remigio","WR","KC","@LV","$3,000","0.4","-8.6","0.0%","0.0%","0.0","1.4","44312796"
"Malik Benson","WR","LV","KC","$3,000","1.5","-7.4","0.0%","0.0%","0.0","5.1","44312780"
"Dareke Young","WR","LV","KC","$3,000","1.3","-7.7","0.0%","0.0%","0.0","4.5","44312782"
"Marquez Valdes-Scantling","WR","LAC","@SEA","$3,000","1.1","-7.9","0.0%","0.0%","0.0","4.1","44312770"
"Derius Davis","WR","LAC","@SEA","$3,000","0.9","-8.0","0.0%","0.0%","0.0","3.4","44312772"
"Alex Bachman","WR","LA","@PHI","$3,000","0.6","-8.3","0.0%","0.0%","0.0","2.5","44312928"
"Tutu Atwell","WR","LA","@PHI","$3,000","1.3","-7.6","0.0%","0.0%","0.0","4.8","44312738"
"Kevin Coleman Jr.","WR","MIA","@MIN","$3,000","4.1","-4.9","0.0%","0.2%","0.0","10.1","44312882"
"Jalen Tolbert","WR","MIA","@MIN","$3,000","0.9","-8.1","0.0%","0.0%","0.0","3.4","44312884"
"Ryan Miller","WR","MIA","@MIN","$3,000","1.5","-7.4","0.0%","0.0%","0.0","5.0","44312750"
"Tai Felton","WR","MIN","MIA","$3,000","4.7","-4.3","0.0%","0.2%","0.2","11.5","44312872"
"Myles Price","WR","MIN","MIA","$3,000","1.3","-7.7","0.0%","0.0%","0.0","4.7","44312874"
"Jeshaun Jones","WR","MIN","MIA","$3,000","0.6","-8.3","0.0%","0.0%","0.0","2.5","44312876"
"Efton Chism III","WR","NE","@BUF","$3,000","1.2","-7.7","0.0%","0.0%","0.0","4.6","44312994"
"Charlie Jones","WR","NYG","ARI","$3,000","0.6","-8.4","0.0%","0.0%","0.0","2.3","44312912"
"Braxton Berrios","WR","NYG","ARI","$3,000","1.1","-7.9","0.0%","0.0%","0.0","4.0","44312904"
"Jamaal Pritchett","WR","NYJ","@CHI","$3,000","0.3","-8.7","0.0%","0.0%","0.0","1.3","44312832"
"Sterling Shepard","WR","NYJ","@CHI","$3,000","3.8","-5.2","0.0%","0.0%","0.0","9.4","44312834"
"Malik McClain","WR","NYJ","@CHI","$3,000","1.2","-7.8","0.0%","0.0%","0.0","4.2","44312830"
"Elijah Moore","WR","PHI","LA","$3,000","1.6","-7.4","0.0%","0.0%","0.0","5.1","44312916"
"Britain Covey","WR","PHI","LA","$3,000","0.3","-8.7","0.0%","0.0%","0.0","1.1","44312918"
"Tory Horton","WR","SEA","LAC","$3,000","2.7","-6.3","0.0%","0.0%","0.0","8.2","44312754"
"AJ Barner","TE","SEA","LAC","$3,000","8.0","-0.9","6.3%","5.1%","1.7","16.3","44313066"
"Tez Johnson","WR","TB","GB","$3,000","3.0","-6.0","0.0%","0.0%","0.0","8.3","44312950"
"Kameron Johnson","WR","TB","GB","$3,000","0.2","-8.7","0.0%","0.0%","0.0","0.9","44312952"
"Chimere Dike","WR","TEN","@BAL","$3,000","1.2","-7.8","0.0%","0.0%","0.0","4.1","44312942"
"Elic Ayomanor","WR","TEN","@BAL","$3,000","5.1","-3.9","0.2%","0.4%","0.3","11.6","44312740"
"Bears ","DST","CHI","NYJ","$3,000","7.8","0.8","10.7%","7.6%","1.7","15.5","44313315"
"Evan Engram","TE","DEN","@SF","$2,900","5.7","-3.1","0.3%","0.6%","0.9","12.3","44313070"
"Jonnu Smith","TE","GB","@TB","$2,900","2.9","-5.8","0.0%","0.0%","0.0","7.6","44313072"
"Texans ","DST","HOU","DAL","$2,900","6.1","-0.6","1.4%","2.1%","0.2","13.4","44313317"
"49ers ","DST","SF","DEN","$2,900","5.5","-1.3","0.4%","0.8%","-0.1","12.6","44313316"
"Dawson Knox","TE","BUF","NE","$2,800","3.7","-4.8","0.1%","0.3%","0.0","9.8","44313076"
"Cole Kmet","TE","CHI","NYJ","$2,800","3.7","-4.8","0.0%","0.0%","0.0","9.5","44313074"
"Gunnar Helm","TE","TEN","@BAL","$2,800","6.4","-2.2","0.8%","0.8%","1.3","13.0","44313078"
"Bengals ","DST","CIN","JAX","$2,800","5.7","-0.8","0.8%","1.8%","-0.2","13.0","44313319"
"Buccaneers ","DST","TB","GB","$2,800","6.7","0.2","3.6%","3.5%","0.9","13.9","44313318"
"Foster Moreau","TE","HOU","DAL","$2,700","3.1","-5.3","0.0%","0.2%","0.0","8.5","44313084"
"Noah Gray","TE","KC","@LV","$2,700","3.3","-5.1","0.0%","0.0%","0.0","8.7","44313082"
"Eli Raridon","TE","NE","@BUF","$2,700","2.4","-5.9","0.0%","0.0%","0.0","7.0","44313080"
"Cowboys ","DST","DAL","@HOU","$2,700","5.4","-0.9","1.0%","1.5%","-0.4","12.6","44313320"
"Eagles ","DST","PHI","LA","$2,700","5.7","-0.6","1.0%","1.9%","0.0","12.9","44313321"
"Drew Sample","TE","CIN","JAX","$2,600","2.6","-5.5","0.0%","0.0%","0.0","7.2","44313088"
"Johnny Mundt","TE","PHI","LA","$2,600","2.5","-5.7","0.0%","0.0%","0.0","6.7","44313086"
"Jaguars ","DST","JAX","@CIN","$2,600","5.2","-1.0","0.5%","1.7%","-0.9","12.3","44313322"
"Rams ","DST","LA","@PHI","$2,600","7.5","1.3","15.1%","13.2%","1.3","15.1","44313323"
"Elijah Higgins","TE","ARI","@NYG","$2,500","1.8","-6.2","0.0%","0.0%","0.0","5.6","44313208"
"Hunter Long","TE","ARI","@NYG","$2,500","1.1","-6.9","0.0%","0.0%","0.0","3.8","44313210"
"Matt Hibner","TE","BAL","TEN","$2,500","2.2","-5.8","0.0%","0.0%","0.0","6.6","44313242"
"Durham Smythe","TE","BAL","TEN","$2,500","1.8","-6.2","0.0%","0.0%","0.0","5.7","44313240"
"Josh Cuevas","TE","BAL","TEN","$2,500","0.5","-7.5","0.0%","0.0%","0.0","1.8","44313244"
"Keleki Latu","TE","BUF","NE","$2,500","0.2","-7.7","0.0%","0.0%","0.0","1.0","44313306"
"Jackson Hawes","TE","BUF","NE","$2,500","1.3","-6.7","0.0%","0.0%","0.0","4.4","44313304"
"Sam Roush","TE","CHI","NYJ","$2,500","1.3","-6.7","0.0%","0.0%","0.0","4.5","44313156"
"Erick All Jr.","TE","CIN","JAX","$2,500","1.4","-6.6","0.0%","0.0%","0.0","4.7","44313288"
"Tanner Hudson","TE","CIN","JAX","$2,500","1.5","-6.5","0.0%","0.0%","0.0","4.9","44313290"
"Jack Endries","TE","CIN","JAX","$2,500","0.3","-7.7","0.0%","0.0%","0.0","1.3","44313292"
"Luke Schoonmaker","TE","DAL","@HOU","$2,500","1.4","-6.6","0.0%","0.0%","0.0","4.6","44313130"
"Brevyn Spann-Ford","TE","DAL","@HOU","$2,500","1.7","-6.2","0.0%","0.1%","0.0","5.5","44313128"
"Adam Trautman","TE","DEN","@SF","$2,500","2.0","-6.0","0.0%","0.0%","0.0","5.8","44313176"
"Nate Adkins","TE","DEN","@SF","$2,500","1.8","-6.2","0.0%","0.0%","0.0","5.7","44313178"
"Mark Redman","TE","GB","@TB","$2,500","0.5","-7.5","0.0%","0.0%","0.0","1.9","44313270"
"Josh Whyle","TE","GB","@TB","$2,500","0.2","-7.7","0.0%","0.0%","0.0","1.0","44313272"
"Cade Stover","TE","HOU","DAL","$2,500","0.9","-7.0","0.0%","0.0%","0.0","3.6","44313142"
"Brevin Jordan","TE","HOU","DAL","$2,500","0.5","-7.4","0.0%","0.0%","0.0","2.2","44313144"
"Nate Boerkircher","TE","JAX","@CIN","$2,500","1.8","-6.2","0.0%","0.0%","0.0","5.7","44313280"
"Tanner Koziol","TE","JAX","@CIN","$2,500","0.3","-7.7","0.0%","0.0%","0.0","1.1","44313284"
"Quintin Morris","TE","JAX","@CIN","$2,500","1.3","-6.7","0.0%","0.0%","0.0","4.3","44313282"
"Jake Briningstool","TE","KC","@LV","$2,500","0.5","-7.4","0.0%","0.0%","0.0","2.2","44313118"
"Ian Thomas","TE","LV","KC","$2,500","0.2","-7.7","0.0%","0.0%","0.0","1.0","44313110"
"Hayden Rucci","TE","LAC","@SEA","$2,500","1.1","-6.8","0.0%","0.0%","0.0","3.8","44313104"
"Patrick Herbert","TE","LAC","@SEA","$2,500","0.2","-7.7","0.0%","0.0%","0.0","0.9","44313106"
"Max Klare","TE","LA","@PHI","$2,500","1.3","-6.7","0.0%","0.0%","0.0","4.4","44313236"
"Davis Allen","TE","LA","@PHI","$2,500","3.8","-4.2","0.0%","0.0%","0.0","9.4","44313092"
"Will Kacmarek","TE","MIA","@MIN","$2,500","1.4","-6.5","0.0%","0.0%","0.0","4.4","44313198"
"Seydou Traore","TE","MIA","@MIN","$2,500","0.2","-7.8","0.0%","0.0%","0.0","0.7","44313200"
"Gavin Bartholomew","TE","MIN","MIA","$2,500","1.2","-6.8","0.0%","0.0%","0.0","4.3","44313190"
"Cameron Latu","TE","NE","@BUF","$2,500","0.2","-7.7","0.0%","0.0%","0.0","1.0","44313296"
"Theo Johnson","TE","NYG","ARI","$2,500","2.9","-5.1","0.0%","0.0%","0.0","7.9","44313094"
"Chris Manhertz","TE","NYG","ARI","$2,500","0.5","-7.5","0.0%","0.0%","0.0","1.8","44313220"
"Jeremy Ruckert","TE","NYJ","@CHI","$2,500","4.4","-3.6","0.1%","0.2%","0.5","10.0","44313150"
"Jelani Woods","TE","NYJ","@CHI","$2,500","1.3","-6.7","0.0%","0.0%","0.0","4.4","44313152"
"Josiah Deguara","TE","PHI","LA","$2,500","0.4","-7.5","0.0%","0.0%","0.0","1.7","44313232"
"E.J. Jenkins","TE","PHI","LA","$2,500","1.1","-6.9","0.0%","0.0%","0.0","3.9","44313226"
"Luke Farrell","TE","SF","DEN","$2,500","1.3","-6.7","0.0%","0.0%","0.0","4.3","44313166"
"Brayden Willis","TE","SF","DEN","$2,500","0.3","-7.7","0.0%","0.0%","0.0","1.0","44313168"
"Elijah Arroyo","TE","SEA","LAC","$2,500","2.3","-5.7","0.0%","0.0%","0.0","6.8","44313100"
"Eric Saubert","TE","SEA","LAC","$2,500","1.3","-6.7","0.0%","0.0%","0.0","4.4","44313098"
"Bauer Sharp","TE","TB","GB","$2,500","0.2","-7.8","0.0%","0.0%","0.0","0.8","44313264"
"Payne Durham","TE","TB","GB","$2,500","0.4","-7.6","0.0%","0.0%","0.0","1.7","44313260"
"Daniel Bellinger","TE","TEN","@BAL","$2,500","2.1","-5.9","0.0%","0.0%","0.0","5.9","44313250"
"David Martin-Robinson","TE","TEN","@BAL","$2,500","0.2","-7.7","0.0%","0.0%","0.0","1.0","44313252"
"Cardinals ","DST","ARI","@NYG","$2,500","6.7","0.7","13.0%","10.7%","0.9","13.9","44313325"
"Broncos ","DST","DEN","@SF","$2,500","5.5","-0.5","5.6%","5.8%","-0.4","12.8","44313324"
"Raiders ","DST","LV","KC","$2,400","4.7","-1.1","0.2%","0.9%","-1.1","11.5","44313327"
"Jets ","DST","NYJ","@CHI","$2,400","5.4","-0.4","3.0%","4.1%","-0.1","12.3","44313326"
"Patriots ","DST","NE","@BUF","$2,300","4.2","-1.4","0.6%","0.9%","-1.5","11.0","44313328"
"Chargers ","DST","LAC","@SEA","$2,200","5.4","0.0","5.9%","5.8%","-0.4","12.4","44313329"
"Titans ","DST","TEN","@BAL","$2,100","4.5","-0.7","2.0%","1.9%","-1.2","11.2","44313330"
"Dolphins ","DST","MIA","@MIN","$2,000","5.1","0.1","6.5%","6.1%","-0.2","11.7","44313331"